PHOTO_2,-,-,-
FE,893.022850785868,308.142334606322,-FS,829.66068196365,238.733923356229,-DF,830.037987813483,240.042954987156,-DF,829.433250649991,240.355659067509,-DF,829.273797787434,241.619659658627,-DF,829.010660388122,242.283598172853,-DF,828.396869353393,243.576980392003,-DF,827.059914937401,245.273226920594,-DF,826.49859558552,245.925588412485,-DF,828.238422377998,246.34360499927,-DF,830.551820682315,247.168176938112,-DF,832.137001614675,248.083538680923,-DF,833.211339388958,248.895637562997,-DF,833.780548615109,249.172666949699,-DF,833.866247039928,249.606627331446,-DF,833.124556927339,248.413614256553,-DF,831.256305117982,249.181512760994,-DF,830.621797745168,249.746776705093,-DF,830.753666666574,251.086648397787,-DF,831.747663526937,251.033347912631,-DF,832.553312524802,251.135386365305,-DF,833.284506166384,250.725642870921,-DF,834.032400260049,249.943246566,-DF,834.424460858439,249.842193647727,-DF,833.635089371155,248.650650406119,-DF,832.956812092822,247.291154103568,-DF,833.246026051579,246.17486774688,-DF,83
DF,974.729827027018,38.6964775635488,-
DF,974.728662470755,42.0390908570948,-
DF,974.625705623271,45.7471382733267,-
DF,974.826629391005,48.1552727096494,-
DF,975.356474830572,50.3532755283699,-
DF,974.52272629857,51.4238864572535,-
DF,973.338159147848,51.2162060101972,-
DF,972.362075698141,50.027006264043,-
DF,972.618150044622,48.7622930532758,-
DF,972.841206044778,48.1638402274438,-
DF,973.042174888821,47.6694355991769,-
DF,972.688186958592,46.03849280162,-
DF,972.367909337567,44.7937240076965,-
DF,971.826111408684,43.2483691437666,-
DF,971.271078886558,43.1705899901174,-
DF,971.657388670102,43.1869145202678,-
DF,971.779751199548,44.1545739384044,-
DF,972.348191367376,44.6409393382102,-
DF,972.495838754983,44.6645716143024,-
DF,973.171730421886,46.1659093550628,-
DF,973.588195369393,46.2369752458275,-
DF,974.253589501727,47.0861437477428,-
DF,974.061263521763,48.9873694393334,-
DF,974.089486975514,50.2491395246948,-
DF,974.530031537971,51.5667328042666,-
DF,973.950297747402,51.622123400049,-
DF,974.475845304111,58.312755370785,-
DF,978.256832360281,65.5193446493201,-
DF,982.224616866595,79.9520665278421,-
DF,986.955710391814,91.723649143974,-
DF,989.133699977603,98.9809881447481,-
DF,989.809467727827,104.284993818148,-
DF,989.485349717752,107.767215647563,-
DF,988.543306192666,110.482823918073,-
DF,987.423546771764,112.728065004394,-
DF,986.297318367389,114.725601327506,-
DF,986.011633043419,115.397399330249,-
DF,985.688090080962,116.409689905205,-
DF,984.720481343301,115.657534440762,-
DF,983.214335022035,116.223593840373,-
DF,982.018815609081,117.116667057654,-
DF,983.150618199487,115.791657442215,-
DF,985.852701626064,113.75971262054,-
DF,994.73024584437,106.440250763362,-
DF,1003.53930220184,102.291277394274,-
DF,1010.04613629683,99.5214799345636,-
DF,1015.98702958159,98.8697291955409,-
DF,1019.28223044783,97.9271758294682,-
DF,1021.28556275757,98.7717691524462,-
DF,1022.99113727013,100.865918802711,-
DF,1024.3273015783,103.236157015204,-
DF,1024.66622315643,103.688720491008,-
DF,1024.49961994241,104.618405936214,-
DF,1024.45729852875,104.827403887596,-
DF,1024.297243375,104.425221298271,-
DF,1023.41185078537,103.94392367306,-
DF,1021.83377570518,103.207823463109,-
DF,1020.95594157619,102.157550599217,-
DF,1020.7394020188,102.104898242469,-
DF,1018.64850213593,101.940447350162,-
DF,1016.7718332782,101.585963880694,-
DF,1014.7050506787,101.727558540836,-
DF,1018.55312322849,100.511438373454,-
DF,1025.15142040684,94.7168941028765,-
DF,1035.74510770804,80.7905628215696,-
DF,1043.6199463304,70.9063708222957,-
DF,1048.48136685308,64.3917327496477,-
DF,1050.86620108799,60.9973703184455,-
DF,1052.8083062065,57.9951246609153,-
DF,1054.61812005824,56.0358898349266,-
DF,1055.81558457412,54.5071182886268,-
DF,1056.85252278617,52.6662797366495,-
DF,1056.69875689337,51.9803598080626,-
DF,1056.54303273431,52.9515523577674,-
DF,1056.49952355797,53.4600739049556,-
DF,1055.63846509428,53.7229285282006,-
DF,1053.86067269979,54.4109240142171,-
DF,1052.53231663329,55.5256762709757,-
DF,1051.59673804831,55.5724333397828,-
DF,1050.21942257511,55.6243389243608,-
DF,1049.55137150996,56.0413230296802,-
DF,1048.73451618128,55.9482575066519,-
DF,1048.28530235978,56.6079427145209,-
DF,1047.0496087479,57.3212941825978,-
DF,1045.62195161119,58.2628381487133,-
DF,1044.93323678874,57.6597933962801,-
DF,1044.23593479242,58.2443248128659,-
DF,1045.30642973869,61.7540927771543,-
DF,1043.92031466638,66.7360939432632,-
DF,1040.84260088385,66.249542975787,-
DF,1040.73770838661,63.7265964966381,-
FE,1040.52792339212,58.6807035383405,-
TIME,-,-,00:00:01.3122205
FS,1028.72041476943,65.6271866318124,-
DF,1031.46005934558,74.1157516258011,-
DF,1033.61447820098,86.3274751077037,-
DF,1036.16848292772,92.0055427385313,-
DF,1038.9482725343,95.4339398986192,-
DF,1040.42917845097,96.2666629718729,-
DF,1041.0402280556,96.9227272024102,-
DF,1040.6710236354,95.6426654513479,-
DF,1039.86720743001,94.3785944932929,-
DF,1039.23628258707,92.8785440639327,-
DF,1038.20245751287,90.853639296213,-
DF,1037.80731355827,87.958712843661,-
DF,1036.85547079138,85.0453093654377,-
DF,1037.33974976802,83.7527646328657,-
DF,1037.55602166692,81.7189442293823,-
DF,1036.68951018864,78.6497034582478,-
DF,1037.84042021659,76.1764482529417,-
DF,1043.3009700605,73.449868757374,-
DF,1051.43702984263,71.1542245970141,-
DF,1056.81464225041,68.9862339382591,-
DF,1060.52519819133,66.4591498491754,-
DF,1062.70173825289,65.0772756183379,-
DF,1066.22971278011,65.3260633947436,-
DF,1066.60854839438,65.3242821078339,-
DF,1067.62745715837,65.0690511507602,-
DF,1067.24497765426,71.3804405961283,-
DF,1066.98041953671,73.8778364188818,-
DF,1066.78303020963,77.0326093540769,-
DF,1066.55687746573,77.9243900408447,-
DF,1065.69316975845,78.0834667841291,-
DF,1064.37305316032,76.786816018769,-
DF,1065.70755212755,72.9851514815101,-
DF,1066.22135496431,70.2678745902958,-
DF,1066.52976690774,66.8971473831802,-
DF,1065.94382788063,63.0563404945151,-
DF,1064.89630183977,58.0436982846489,-
DF,1064.65175073525,55.0006969702812,-
DF,1065.00926564448,51.1598048675158,-
DF,1064.76924184427,48.4223242467058,-
DF,1064.42066214883,46.9306745693947,-
DF,1063.89704630842,45.3833371000724,-
DF,1064.23458522777,44.1916771542242,-
DF,1063.21968318791,42.4985058741209,-
DF,1060.70485045556,41.4545336229473,-
DF,1059.43621356476,39.4113048751538,-
DF,1058.1318572814,37.3626040135652,-
DF,1057.64058979874,36.0541153343931,-
DF,1057.67152399938,34.2252862729326,-
DF,1057.20766760397,34.1266630280868,-
DF,1057.11748607356,35.3952603892733,-
DF,1057.77826254513,36.1662305997286,-
DF,1058.68804967786,34.8111913859743,-
DF,1060.57127816435,32.7297770100655,-
DF,1062.38274322203,32.3563224876106,-
DF,1063.82966781064,33.2918448950746,-
DF,1064.51406961218,34.7856285649031,-
DF,1065.42707458229,36.2949595938907,-
DF,1066.01982000934,37.0402347595452,-
DF,1065.72286896814,38.0751241041613,-
DF,1065.57655583841,37.6102338590398,-
DF,1066.21899087052,38.5404552936236,-
DF,1066.84113011284,38.1268292106522,-
DF,1067.16090794725,38.5253145122264,-
DF,1066.70108921782,37.1104680517255,-
DF,1066.4238696885,37.485432658176,-
DF,1067.62924981376,37.3931169114502,-
DF,1067.97506760232,37.177355089566,-
DF,1067.88057004981,37.1562463672722,-
DF,1067.10866400253,36.6233017362005,-
DF,1066.01783588465,37.4223168256697,-
DF,1065.17939390891,39.0028494281357,-
DF,1065.74669533984,40.9647689243032,-
DF,1067.6862999178,42.3341676888181,-
DF,1069.46640716817,43.1035691745748,-
DF,1070.47773549094,42.9627880366124,-
DF,1069.56617862573,44.874262971918,-
DF,1069.44769251537,46.2943975632708,-
DF,1070.49685596904,47.6857830715134,-
DF,1073.20992972003,46.9403159979152,-
DF,1074.8819499651,46.9448917366801,-
DF,1075.68786624971,47.5841414788309,-
DF,1074.96333895132,49.2708675484898,-
DF,1075.25905741435,51.0019274325086,-
DF,1075.79117899986,51.6000829394058,-
DF,1075.72649816799,53.0428538862576,-
DF,1074.48902547966,55.7130847962032,-
DF,1073.96487503778,59.1649232582436,-
DF,1074.62008330344,60.5169458672588,-
DF,1074.44504782585,61.0820107969163,-
DF,1074.5858321243,61.873625704455,-
DF,1076.64642079539,62.7023481080908,-
DF,1081.11850710886,63.1556803937817,-
DF,1083.26310281577,62.3982119764698,-
DF,1086.74597908127,61.0543506193879,-
DF,1087.42036025436,62.2956171244984,-
DF,1087.18997559327,63.0639638529238,-
DF,1087.55575375448,64.0316518871229,-
DF,1088.02322626255,64.7372864913401,-
DF,1088.3352422344,64.6778627802349,-
DF,1087.10226953309,64.9161442615745,-
DF,1086.33789779762,64.9257611264128,-
DF,1086.27424852579,64.0785705010273,-
DF,1085.32995477282,63.4350715209484,-
DF,1084.57866977325,63.8697358741191,-
DF,1084.25718610721,64.8950536914674,-
DF,1083.72515226886,65.5603859132652,-
DF,1083.8157946386,65.0718618390357,-
DF,1084.3657876726,65.0455729357173,-
DF,1085.90705886422,64.0989688164275,-
DF,1088.32739284886,63.5017956512243,-
DF,1093.25419892907,63.3683037729691,-
DF,1103.285798852,63.1710036033926,-
DF,1109.30266027615,63.0817894853928,-
DF,1114.27691710299,62.2658312772476,-
DF,1116.02939364981,60.4227420318251,-
DF,1117.20017644329,59.2839785828962,-
DF,1118.13483426824,57.066186290526,-
DF,1120.43186726337,55.0795578794843,-
DF,1122.43097270579,53.3808453909107,-
DF,1124.31781449366,53.2068413549428,-
DF,1124.32598369864,52.1018569446637,-
DF,1123.89211357051,52.5414663273637,-
DF,1124.53729255979,52.1128686234883,-
DF,1125.3858938306,51.1133296793828,-
DF,1126.24651240718,50.3748042926324,-
DF,1125.78761040108,49.3717500539249,-
DF,1126.48624835971,49.7920437604365,-
DF,1126.81689205474,50.0447792790315,-
DF,1126.736680755,50.0214409324907,-
DF,1126.43607006617,49.7851376172903,-
DF,1126.65480378294,49.2177031415973,-
DF,1127.86759351428,48.7473192119593,-
DF,1128.13276888871,49.3863645824527,-
DF,1128.42311381335,49.5988098538482,-
DF,1129.53720559502,49.4902676504568,-
DF,1136.66880765063,47.6251898120899,-
DF,1141.97959601431,46.0938017827386,-
DF,1151.7977485847,42.6866248772396,-
DF,1154.94829767381,39.8482235069287,-
DF,1157.52511272034,38.6753456827972,-
DF,1158.7647537694,38.3009869317905,-
DF,1160.63656459447,38.7182579559179,-
DF,1163.58371340641,37.7153852044104,-
DF,1165.61799213508,38.1586705194306,-
DF,1167.3108162388,39.4815670132974,-
DF,1168.8466747355,41.0362336925136,-
DF,1170.66119054649,42.6341099692576,-
DF,1171.87916525136,43.8815367724265,-
DF,1170.49322795591,45.682518918897,-
DF,1168.867173949,47.1718768969117,-
DF,1168.37531677588,48.3490448190653,-
DF,1167.88326646434,49.5194691397943,-
DF,1168.35542639535,50.7252504709124,-
DF,1168.58789248523,50.9517116277079,-
DF,1169.67925455389,49.8616319180426,-
DF,1170.17038610625,49.2557266707649,-
DF,1169.16522050974,50.8138709185433,-
DF,1168.48176165496,46.9933749899933,-
DF,1169.87743051915,44.8514927496871,-
DF,1178.48813393432,38.6675404422064,-
DF,1186.24999547021,35.9174111382726,-
DF,1191.76415628115,34.7751478324532,-
DF,1195.8072146344,33.9059378996858,-
DF,1197.92122923972,31.162764930567,-
DF,1199.30222371065,28.8686524084578,-
DF,1201.12393240984,27.3583395296157,-
DF,1202.38732317061,26.2948539943626,-
DF,1202.81617222877,24.8444942478871,-
DF,1202.58107684459,24.6282748486606,-
DF,1203.45473523333,24.7872793325247,-
DF,1204.47347831866,24.2984070249429,-
DF,1204.82709857311,24.2706053192044,-
DF,1204.06128488532,23.3128361626225,-
DF,1203.37152216292,22.8005858262315,-
DF,1203.3207405836,21.7739125589794,-
DF,1204.36806504665,21.9875880910366,-
DF,1204.87623101013,21.5403706784085,-
DF,1206.09122192923,20.5827285827364,-
DF,1206.3670360544,19.362155129998,-
DF,1207.1619787875,17.8058173755939,-
DF,1205.64114802259,15.8123346193773,-
DF,1205.32910268715,16.8177834083059,-
DF,1205.06062078938,17.8237457867718,-
DF,1206.8333420994,19.4973201554384,-
DF,1208.31496023726,18.9429566237387,-
DF,1209.29674183614,18.716857340224,-
DF,1209.30361053975,16.8033981082169,-
DF,1208.78117781267,15.4581428772438,-
DF,1208.94401659786,15.151675448715,-
DF,1207.68233073661,16.0360665989722,-
DF,1206.89509438705,16.4950817184665,-
DF,1206.95387265508,16.7435043505,-
DF,1208.16793551289,17.1409829450006,-
DF,1209.19835239208,19.582585204373,-
DF,1211.84292031828,23.247541216561,-
DF,1215.61895058498,25.0570737322944,-
DF,1220.03374216286,25.8420829670019,-
DF,1224.56474582143,26.1427771142009,-
DF,1225.1420398833,26.644657219656,-
DF,1225.40396394065,26.0392421046397,-
DF,1224.73434157123,25.04573119152,-
DF,1225.62442405374,27.486216912802,-
DF,1224.21193141473,33.8342543286188,-
DF,1222.80038123247,38.3874390752769,-
DF,1223.44715705095,40.4095440987237,-
DF,1223.39964351989,41.3205595808979,-
DF,1223.9528064334,42.4801763748143,-
DF,1223.18819895507,44.7722575425386,-
DF,1222.80597427683,46.1607269385649,-
DF,1221.38918138261,46.0034047704296,-
DF,1219.44655547304,45.7973565424897,-
DF,1218.26935567233,45.9278981567336,-
DF,1217.52893462984,46.3559544117669,-
DF,1219.37733546125,46.0280463883134,-
DF,1220.74773683554,43.879538566999,-
DF,1215.99724072636,40.4184274151061,-
DF,1207.53158428416,39.011937493098,-
DF,1198.17876798148,40.8139864778248,-
DF,1192.79520146348,42.6410759766276,-
DF,1188.74451291262,44.8962827088848,-
DF,1186.52075861062,45.7971158302578,-
DF,1184.87494493574,48.0016458081519,-
DF,1183.4529044189,49.8790027126242,-
DF,1182.66903004115,50.9936573574789,-
DF,1182.39228535166,52.1800713095991,-
DF,1181.3181699926,52.4972530440241,-
DF,1179.21772168769,51.8444284293485,-
DF,1177.57533196028,51.6557403505533,-
DF,1177.39704096993,53.1413748394971,-
DF,1177.94115249517,54.7355174226196,-
DF,1178.28240029382,56.1527525407535,-
DF,1177.32625156546,54.4530336197102,-
DF,1176.3669642648,53.3661982218812,-
DF,1175.33670398651,52.6195208430783,-
DF,1175.52537056092,51.4694528314978,-
DF,1175.67852007348,50.7198953020683,-
DF,1175.66654336525,50.9099627007602,-
DF,1174.90167864244,51.6881890115109,-
DF,1174.50573154616,53.9481915034901,-
DF,1174.37249857787,55.7065738367474,-
DF,1171.80680609201,59.6384027231639,-
DF,1166.74957224111,62.6594348234609,-
DF,1160.03562295478,63.7430876864469,-
DF,1153.00438449549,67.4614809155103,-
DF,1148.49839106818,70.8563829256997,-
DF,1145.95921160127,74.0004836500607,-
DF,1144.95187282469,71.7977369793538,-
DF,1144.01777030385,71.4552601337733,-
DF,1142.8848954791,71.7284061985126,-
DF,1143.18883216947,72.4427829722745,-
DF,1143.79427065409,72.4232681211095,-
DF,1145.31211596551,72.809726324922,-
DF,1146.5179917091,73.0361078386971,-
DF,1146.7353759614,72.372990820339,-
DF,1145.69413138371,71.8409355273609,-
DF,1144.57984180623,71.4586114863781,-
DF,1144.16454320857,70.3707154686201,-
DF,1144.65870716301,69.7649028322141,-
DF,1145.33949163319,67.9259092782296,-
DF,1146.0723619578,66.1330702974039,-
DF,1146.27471047682,65.0721426041819,-
DF,1146.36230203183,65.306556327709,-
DF,1144.36398971665,66.3037113810347,-
DF,1139.37618860191,66.4371233497597,-
DF,1132.45439740783,65.1097649011582,-
DF,1126.96356931072,62.5394810250695,-
DF,1124.55479207656,60.6557063799941,-
DF,1124.28659593814,59.1880645294413,-
DF,1124.93234634754,58.0052151977096,-
DF,1124.81728970855,57.6690760336056,-
DF,1124.71682943341,58.0787256300803,-
DF,1124.67093710156,58.6058080995996,-
DF,1124.07922571783,59.3410977754795,-
DF,1124.64711021738,60.7241215586737,-
DF,1125.57995922247,61.6054070494387,-
DF,1126.77439832221,61.8331186899265,-
DF,1127.29507809468,60.3700476438544,-
DF,1127.38815634473,58.7965979413625,-
DF,1128.02182119958,58.7235409641644,-
DF,1127.63092319565,58.3329143872983,-
DF,1127.39562017225,59.5173054965626,-
DF,1126.44331238459,60.9203265320566,-
DF,1125.30716298258,63.4047048233958,-
DF,1124.73696897647,64.9253428826308,-
DF,1125.38233894087,65.7923052411751,-
DF,1125.9999648168,65.8731108758829,-
DF,1126.15674317561,66.1545974574325,-
DF,1125.02699688884,66.5070945581284,-
DF,1124.11702384679,66.7816030492943,-
DF,1123.4740363042,67.5275214610234,-
DF,1123.75864837884,68.3127934993337,-
DF,1125.21580942467,68.4252087318839,-
DF,1125.64664116121,67.8899456805319,-
DF,1126.25884290361,65.8761409980841,-
DF,1126.08450443694,65.7174569284819,-
DF,1126.55431442106,65.0746686031545,-
DF,1126.53608116055,64.288057165376,-
DF,1126.09980489155,64.6259694551706,-
DF,1125.71561430213,66.2196736950047,-
DF,1126.06264711582,66.9374597012148,-
DF,1126.89462251043,66.5348086671504,-
DF,1127.82350021385,65.9800773327793,-
DF,1125.33887343441,66.6755532715275,-
DF,1115.33492618101,67.2424561164878,-
DF,1103.08322368627,70.0324960104876,-
DF,1088.55929292277,66.8515455160235,-
DF,1076.38550151074,64.1647544187528,-
DF,1068.2330122326,62.5377163316711,-
DF,1063.78598724674,61.1892540680179,-
DF,1060.99050307585,60.9984163562314,-
DF,1059.29171887761,60.8930130517387,-
DF,1058.46390711307,61.4180042705798,-
DF,1057.73479347361,59.8575094490685,-
DF,1057.6664217682,58.8142468461305,-
DF,1057.65767764869,58.8615693353402,-
DF,1057.97479351813,60.3959885662586,-
DF,1057.58977173317,61.6709631166068,-
DF,1057.82589742869,63.357720067958,-
DF,1058.61138024503,64.6962758037519,-
DF,1059.08550266339,65.5968739420216,-
DF,1058.77920891117,67.076352595845,-
DF,1058.44592855886,67.1688286611124,-
DF,1057.84094499058,67.2555738085788,-
DF,1057.38572861993,69.2081938232357,-
DF,1058.15997999814,71.5047451798676,-
DF,1058.47987944324,73.2763549084316,-
DF,1059.14857303837,74.6210984871231,-
DF,1059.35800108861,75.3662081899343,-
DF,1060.17971777714,76.1929266007292,-
DF,1061.03167783139,75.6482148561803,-
DF,1060.56278635209,76.6889409417246,-
DF,1059.91983015128,76.8776915854025,-
DF,1058.25642843388,77.1499029122449,-
DF,1057.90321092268,77.8598680284035,-
DF,1057.55342886991,78.0285913418281,-
DF,1057.24392055171,78.1801870345418,-
DF,1057.70732931926,78.2377248995728,-
DF,1057.76948720972,78.6996482128501,-
DF,1058.21229327128,80.0055809107955,-
DF,1057.94912740894,80.9051657773989,-
DF,1057.91942073348,81.2643924355543,-
DF,1057.87282435267,81.6821441420636,-
DF,1057.46129976726,82.0503761401731,-
DF,1057.67247264271,81.9251721610661,-
DF,1058.26473823792,82.3722876682937,-
DF,1057.766170409,83.197083311036,-
DF,1056.59780299413,84.1205280744816,-
DF,1055.42300378117,85.4996404764385,-
DF,1057.68612343835,86.1019712036748,-
DF,1059.47613586257,86.8624873268174,-
DF,1060.08452077346,87.1522726789652,-
DF,1058.34744447618,88.4641726841454,-
DF,1056.93205574691,89.0325350511071,-
DF,1049.47307619799,87.5731447039503,-
DF,1041.36309440864,90.1343024111583,-
DF,1033.95674563678,92.0488243429519,-
DF,1025.57503409937,95.1509084971521,-
DF,1020.89863600625,96.7362307289434,-
DF,1017.6038540919,96.0222759482756,-
DF,1015.34741039116,95.8585087197614,-
DF,1013.611353869,95.1581636624362,-
DF,1012.98869902877,95.4460241816876,-
DF,1013.11301661499,94.7212320939933,-
DF,1013.63519395452,94.3944196885134,-
DF,1013.35131086677,94.9210313746095,-
DF,1013.29130160891,95.4716559802186,-
DF,1012.19665010946,95.3808034364037,-
DF,1011.79804841091,95.3900765967817,-
DF,1011.76093646521,95.291106774332,-
DF,1011.68673963178,95.5271633090013,-
DF,1011.8374286725,96.2140618743874,-
DF,1012.27033805268,97.4888666707309,-
DF,1012.41325813353,98.500690547688,-
DF,1013.30599261501,98.4731004215422,-
DF,1013.52510686207,97.9721212356111,-
DF,1012.54619900262,96.9821011318778,-
DF,1011.43195488547,96.382600622051,-
DF,1011.17629753818,95.9966115561983,-
DF,1011.65465008846,94.8449144402652,-
DF,1011.84605590806,94.375098434481,-
DF,1011.73487807251,92.8336609728227,-
DF,1011.02465207672,91.6217527545573,-
DF,1011.03114243751,90.4093410304432,-
DF,1010.85096679656,88.9196225246422,-
DF,1010.31338762911,88.1227204101867,-
DF,1010.6430881963,87.1676399621309,-
DF,1011.42706157567,85.9786756564001,-
DF,1012.07872708053,84.6023008629875,-
DF,1011.60292931954,84.8263636082045,-
DF,1011.420106494,85.3278681744855,-
DF,1012.15600772366,85.358372817554,-
DF,1012.12685210696,85.4959683755359,-
DF,1012.01477569789,86.4411877200291,-
DF,1010.89225882138,87.8362598002478,-
DF,1010.6391806681,88.9308595569044,-
DF,1011.5505649332,90.0760694153518,-
DF,1012.18186367227,90.2766541760343,-
DF,1011.57669983687,89.7576803214007,-
DF,1012.73960996519,89.0542867864835,-
DF,1021.67565071341,88.4245532905923,-
DF,1031.98619508891,87.8389714524929,-
DF,1047.12544299124,87.3493783969411,-
DF,1054.94947944386,84.6002205400973,-
DF,1060.15040414711,82.4414357602345,-
DF,1063.92114623305,81.7415954133892,-
DF,1065.63615899856,80.5854497050784,-
DF,1066.42562287254,80.0679585215302,-
DF,1066.46980080524,79.2949313817332,-
DF,1067.59384933095,79.9913648143082,-
DF,1067.60925056267,80.365402151069,-
DF,1067.98977789462,78.6633601642803,-
DF,1067.75961673269,77.0198964421905,-
DF,1067.75366078021,75.8758397640211,-
DF,1067.91092568972,74.7887660321876,-
DF,1069.02043927239,74.1416581028469,-
DF,1069.59653068245,73.8972672750924,-
DF,1070.69645680284,73.6626934966442,-
DF,1072.28972269124,74.6892177476704,-
DF,1073.6088861655,75.0348378163809,-
DF,1073.94782963332,74.3889595890607,-
DF,1072.43312365719,73.4594046556055,-
DF,1071.56533795041,72.0134590362577,-
DF,1071.13962343244,71.1119261035593,-
DF,1071.65364336254,69.5821027196931,-
DF,1071.71252829805,68.9296070643547,-
DF,1071.85593343443,68.3213317072339,-
DF,1071.17645343998,67.3536935023595,-
DF,1070.82741992911,66.6990323895112,-
DF,1070.38514362849,66.1651417486947,-
DF,1070.5757922724,65.7695015086383,-
DF,1070.75880357251,65.1581312016961,-
DF,1070.77376237628,64.1447629657347,-
DF,1070.13138679136,63.8362187150801,-
DF,1069.84590770505,63.4730975100215,-
DF,1070.46613234607,63.6149047183227,-
DF,1070.44975818044,63.3978823776409,-
DF,1071.16791540303,64.9037906148801,-
DF,1071.0211298065,65.8321645011367,-
DF,1071.12582794187,66.8688695440749,-
DF,1070.87049692961,67.7167418011285,-
DF,1069.33133923143,70.4792897202611,-
DF,1071.17441444633,73.4622871060262,-
DF,1077.28449116736,76.4111952466239,-
DF,1086.64204425552,80.0489484087182,-
DF,1100.69268985319,84.1641834136337,-
DF,1112.64333141777,83.9999556688989,-
DF,1118.37425020434,93.145298649712,-
DF,1113.04434975167,108.815692263223,-
FE,1102.38454884634,140.156479490246,-
TIME,-,-,00:00:04.9753320
FS,1165.90775341244,71.1481833621521,-
DF,1163.88269218469,77.0996833300417,-
DF,1162.59627853812,80.9174388239652,-
DF,1162.74422064879,84.6391442998379,-
DF,1163.56309708442,85.7018742431057,-
DF,1164.17002049603,83.5400316901005,-
DF,1165.09269689902,81.2331209675645,-
DF,1165.39714496838,80.397464308997,-
DF,1165.32369640879,79.6523585276671,-
DF,1164.92790880244,78.9633143855493,-
DF,1164.27245895238,76.980515244585,-
DF,1163.56334263565,75.0098887237007,-
DF,1162.35799261659,71.3199625401038,-
DF,1161.93594210401,67.7141269661615,-
DF,1162.00739811807,64.5992504826952,-
DF,1161.85552966245,63.3233685556059,-
DF,1159.90587791759,62.1487888270152,-
DF,1160.37418391609,63.4249340510736,-
DF,1159.62006712758,62.7574504730873,-
FE,1158.11183355057,61.4224833171147,-
TIME,-,-,00:00:00.2106575
FS,1129.94562113876,56.540618533829,-
DF,1138.16536872171,45.4679480335655,-
DF,1144.08941493154,42.1798451129935,-
DF,1146.27367117215,45.617205048733,-
DF,1147.13363696335,44.8207576470606,-
DF,1148.62899269805,44.5840579005179,-
DF,1150.19460188839,43.3609466751075,-
DF,1151.96822986815,43.5100358306187,-
DF,1154.2525178343,40.8562213796038,-
DF,1155.62520455997,40.0622948719215,-
DF,1156.93485800262,40.4506418859139,-
DF,1155.81438705494,39.6475496590468,-
DF,1154.63629175163,36.4905778105197,-
DF,1153.46202782932,36.8759374453088,-
DF,1152.29970967793,37.5068485127781,-
DF,1150.63074002918,36.2767264949035,-
DF,1151.1999494636,37.3889328836892,-
DF,1151.92091985544,35.3634021068085,-
DF,1152.27094513311,34.4879332084633,-
DF,1152.32384605858,30.9642258229894,-
DF,1152.19477600417,27.8579499396193,-
DF,1151.44270593836,24.9842690355721,-
DF,1153.70358272027,20.5096183784317,-
DF,1164.4464814834,16.9468512836863,-
DF,1175.46353223117,11.0530254527961,-
FE,1197.4976337267,-0.734626208984199,-
TIME,-,-,00:00:00.2769424
FS,1197.01501489658,28.2529236124469,-
DF,1194.51325071293,29.4760970508955,-
DF,1191.38104168663,31.7700289493176,-
DF,1192.9111866935,31.4211461196387,-
DF,1193.93128336474,31.1885575665193,-
DF,1190.77051576122,26.83566093205,-
DF,1187.4427385283,22.1736642924304,-
DF,1185.87675319835,13.6095356500235,-
DF,1184.67457061927,7.35104440113576,-
DF,1183.256237827,4.71005438944603,-
DF,1182.31846153611,2.69583285605731,-
DF,1181.87492718154,1.57778690354618,-
DF,1181.1660179714,-0.166955632780397,-
DF,1183.38385409995,-1.99110147889914,-
DF,1185.81707129065,-3.6207950877214,-
DF,1189.4467771463,-2.6820743229513,-
DF,1190.35314022976,-2.05118162729777,-
DF,1192.06311618627,-2.37791359837725,-
DF,1193.09109104436,-1.50282240669132,-
DF,1191.73574181263,-0.786166641173613,-
DF,1192.97449291095,-0.540998885956689,-
DF,1194.02070083909,-1.60236103096627,-
DF,1195.71822726264,-0.248902021606234,-
DF,1198.28700544223,0.189851764315359,-
DF,1197.22542499838,-0.626292450421584,-
DF,1197.69245417587,0.0770793273178594,-
DF,1198.05501275053,0.904550718767676,-
DF,1198.97952152953,0.940279525805066,-
DF,1198.65087662165,2.33696968892156,-
DF,1197.89213720268,5.16383199604943,-
DF,1197.09814338001,8.87600272379758,-
DF,1197.34610782241,13.3299702212128,-
DF,1197.374800006,17.5817725370157,-
DF,1198.69137116358,21.1458755155896,-
DF,1199.85193900363,23.48782941726,-
DF,1201.99448935204,24.0844071573253,-
DF,1205.0253459855,25.4919046993594,-
DF,1204.95411652122,26.4744214533885,-
DF,1203.50813956935,28.0108079533704,-
DF,1202.49075400234,30.5660365142878,-
DF,1200.27213189443,32.3980376085821,-
DF,1199.37425183085,34.410963939463,-
DF,1200.10334997812,34.2975610609399,-
DF,1200.98930790501,34.2024303234189,-
DF,1201.62359363334,34.4109494208648,-
DF,1200.16251391238,34.0321205971826,-
DF,1198.91945276872,32.8798122241821,-
DF,1197.82123295771,31.5797132514505,-
DF,1197.20908045053,30.8005811137688,-
DF,1195.59745091308,31.7541631907812,-
DF,1194.32745039519,32.4512095470341,-
DF,1193.88456888263,33.1661984603348,-
DF,1193.92408446778,35.1173106031957,-
DF,1192.95155298739,36.7348637512281,-
DF,1192.06876594525,36.9095413060494,-
DF,1192.94642611729,38.0318609439353,-
DF,1193.61023125298,39.3239774867817,-
DF,1193.97512105101,40.7653222203916,-
DF,1192.56626958905,40.6407011444596,-
DF,1191.08593614287,40.2642171028959,-
DF,1190.10980266787,41.1545762873195,-
DF,1189.16522467311,43.115443482844,-
DF,1187.26823375564,44.1609719490486,-
DF,1185.65141967561,44.2540686138818,-
DF,1184.61834158421,42.7120286015812,-
DF,1183.29178825253,42.3437746330432,-
DF,1181.62523814018,41.8029822917706,-
DF,1179.6917579114,40.0735403599527,-
DF,1178.89226661551,38.5875160063951,-
DF,1178.73070620201,38.7733014701278,-
DF,1178.82585460432,38.3709896979843,-
DF,1179.25016407977,38.963785911614,-
DF,1179.69308357223,39.191650709346,-
DF,1181.52995729288,38.9759967515714,-
DF,1182.11021209325,40.2840706830296,-
DF,1184.25874659559,41.3927989135451,-
DF,1184.73669890361,41.2060653646466,-
DF,1185.02958880034,41.1226344390707,-
DF,1184.80513601508,39.8192351423108,-
DF,1183.79346329045,39.5573685262708,-
DF,1182.67051659431,38.8582680595775,-
DF,1180.86573053134,36.9743172164472,-
DF,1180.64545939339,35.4476922357619,-
DF,1180.54784994371,33.5501668031712,-
DF,1181.14341549155,33.0937436569912,-
DF,1181.2010929611,31.7141041291973,-
DF,1180.83586566843,30.0848878277782,-
DF,1179.41705590748,28.785587153328,-
DF,1182.32170467038,32.6918606767847,-
DF,1185.40751108622,35.4160176010174,-
DF,1188.34346866139,37.0420002318733,-
DF,1190.3007737115,38.1259886524439,-
DF,1191.44873721374,38.615008188095,-
DF,1192.16567493029,37.4371852662226,-
DF,1187.68680214449,33.4653292134266,-
DF,1183.91533131901,30.3129071066438,-
DF,1181.62659144196,29.7534600539842,-
DF,1180.46248744311,28.6171329778129,-
DF,1179.75953270368,28.8530801395126,-
DF,1179.48907710898,28.4828426710354,-
DF,1178.48698012865,28.5719527857285,-
DF,1177.05786871561,27.9383897699401,-
DF,1175.7847648031,27.1213010762179,-
DF,1176.19474787338,26.8769948035135,-
DF,1176.22303799771,26.1066862538343,-
DF,1176.15503720513,24.1665258835209,-
DF,1174.51664774993,21.5717799161431,-
DF,1173.35105329532,19.2444119454419,-
END_,-,-,-
PHOTO_2,-,-,-
DF,891.047806004335,511.125439079538,-
DF,890.184799564161,510.030035208042,-
DF,889.111356339568,509.131170833876,-
DF,885.469873953634,506.809193872343,-
DF,875.221456403316,502.894009449794,-
DF,860.58133584986,492.583146313582,-
DF,848.480654321511,483.328047860211,-
DF,842.336947225352,476.908430130815,-
DF,838.252036512125,471.535240805075,-
DF,835.631760364466,468.626222926565,-
DF,835.239433450326,465.410736791557,-
DF,835.146243940667,464.165385826905,-
DF,834.227280210447,462.066034455794,-
DF,833.284957828455,460.664030626048,-
DF,831.917349206323,457.994406062186,-
DF,830.544413472745,456.087962986466,-
DF,830.319257396814,454.617858649521,-
DF,830.336090756241,452.639681463808,-
DF,830.671700394741,450.756326975607,-
DF,828.732769878261,447.672383360846,-
DF,827.950481153398,445.567259013823,-
DF,827.006823700959,444.663931424198,-
DF,826.233471568488,444.8610583169,-
DF,826.404606650729,445.404566221155,-
DF,826.246193530442,444.521461645775,-
DF,825.74402407446,442.393640818892,-
DF,826.443906151157,440.276552148974,-
DF,827.76071774837,439.613472460571,-
DF,830.278342475772,439.547857798533,-
DF,831.074855029072,441.311576016136,-
DF,834.49500160642,439.879787693765,-
DF,835.727710755444,435.316376122955,-
DF,842.284551090602,431.606624563658,-
DF,847.460216105802,424.148649423515,-
DF,851.549598728746,420.444126444656,-
DF,855.596676181897,419.951543604669,-
DF,858.655594368543,420.031758763998,-
DF,862.222816840615,421.17075310189,-
DF,864.231307377048,419.196793921009,-
DF,866.258037873741,418.770210468506,-
DF,867.737747694064,418.280489659839,-
DF,869.491055668917,418.572942198573,-
DF,869.719568276516,418.325171447346,-
DF,869.891289786592,418.244272728866,-
DF,869.380833540949,419.173146993958,-
DF,869.752597457847,421.190917851729,-
DF,868.963931309407,421.57801710602,-
DF,870.278908953324,419.491357183049,-
DF,870.058451097621,415.201215659689,-
DF,871.790478771796,412.448294350512,-
DF,870.791817641144,411.57079252823,-
DF,868.866411675277,411.823134534351,-
DF,867.583241043366,411.224788245117,-
DF,867.299625092257,410.911850063906,-
DF,868.297507302505,410.161994097018,-
DF,869.741030793849,409.760647074825,-
DF,871.991037033142,407.462184298819,-
DF,873.858725828877,405.892529698621,-
DF,875.236783926037,405.228468821319,-
DF,875.236404718019,404.78055889973,-
DF,874.959839205829,404.845770092561,-
DF,875.298373263894,405.628307253628,-
DF,877.180253447822,405.334672743048,-
DF,879.176271016185,405.956160262565,-
DF,880.180544453999,405.160773716748,-
DF,880.264534164207,405.084413069871,-
DF,880.398239975645,405.522435471125,-
DF,879.163393522347,405.093937823749,-
DF,877.912516420637,403.115640366688,-
DF,876.316544598249,401.347651298078,-
DF,876.617633154763,401.091685115895,-
DF,877.187297355173,399.261751348749,-
DF,878.130047686338,398.099032139221,-
DF,878.780561494901,397.48304202939,-
DF,879.36206851049,398.481649737507,-
DF,878.598794182126,399.343955875669,-
DF,878.232170699838,399.811267588176,-
DF,877.151528197998,398.617016024614,-
DF,877.961061086626,397.189684220246,-
DF,879.211141210543,395.132277271353,-
DF,878.524093229968,396.873424819483,-
DF,877.441990681226,399.181464534828,-
DF,876.284050389838,399.85859765241,-
DF,876.435676975567,401.60718856962,-
DF,877.069523934581,403.708410580183,-
DF,878.323514878123,405.890021315826,-
DF,878.929326099685,405.888387660669,-
DF,878.932558277703,404.283259655077,-
DF,878.049910690489,402.791296862906,-
DF,876.339050613402,401.574088563415,-
DF,874.770736967543,400.04953268997,-
DF,873.986400541298,399.166523290312,-
DF,874.293676706789,398.792434352953,-
DF,873.579377165458,399.275540121631,-
DF,872.091470627902,399.50833982531,-
DF,870.570805452095,400.189312650315,-
DF,870.370250916368,400.562518421013,-
DF,871.240129510864,399.933552152126,-
DF,871.948130536262,399.231408395799,-
DF,871.303350564974,397.672864231018,-
DF,870.307548244064,397.971767982895,-
DF,869.480035334215,397.949376262299,-
DF,869.644413497915,397.746846476275,-
DF,869.10814389561,397.142200170564,-
DF,870.774030306031,396.994188796455,-
DF,870.272036696704,396.536566808118,-
DF,870.446137697113,395.822890254995,-
DF,869.608243229199,395.331711519702,-
DF,869.462046043151,395.598659708615,-
DF,869.962006404095,396.424654837906,-
DF,868.834319708574,397.807371412036,-
DF,868.652235612517,398.601082213084,-
DF,867.688611141664,398.991122367917,-
DF,867.912420183117,398.243975068753,-
DF,868.527724638003,399.228506409322,-
DF,869.072129685173,399.934998535887,-
DF,868.436826989422,398.815258455271,-
DF,867.435585695999,396.358468394715,-
DF,865.937641999193,394.872774887752,-
DF,868.756767503946,391.754879812462,-
DF,870.401568856665,390.122379785434,-
DF,868.94090208146,386.463418167042,-
DF,867.919395860353,387.920812318812,-
DF,870.203242810572,391.450509489049,-
FE,874.770936711011,398.509903829524,-
TIME,-,-,00:00:01.7651500
FS,885.983631798102,411.293136824543,-
DF,889.084224177711,415.887893804375,-
FE,895.285408936931,425.077407764039,-
TIME,-,-,00:00:00.0219075
FS,860.233200633169,358.515310459368,-
DF,858.203586319406,356.817802362922,-
DF,855.253959337996,354.281849114005,-
DF,853.69424660275,353.176801549733,-
DF,853.60373079573,352.829650274623,-
FE,853.422699181689,352.135347724402,-
TIME,-,-,00:00:00.0573923
FS,902.861527253963,377.174650265756,-
DF,901.932627109614,377.413520464886,-
DF,901.129740029296,377.454202012915,-
DF,899.577079038876,377.627232053647,-
DF,897.844347439745,378.387164046344,-
DF,897.565590467002,377.955859240559,-
DF,897.265196580423,377.789713854883,-
DF,897.289192419926,378.57708313308,-
DF,896.665137033357,379.685691499133,-
DF,895.336861337934,379.297711011447,-
DF,895.474320249687,379.837427891297,-
DF,895.796297665466,380.825606471842,-
DF,894.90993910566,382.413390268787,-
DF,893.475777566498,382.933820161128,-
DF,893.167135755455,383.852792668524,-
DF,895.525892700977,384.565283444294,-
DF,897.81613664145,385.84755889501,-
DF,899.152065771262,386.557386323074,-
DF,898.801967326612,385.972176490006,-
DF,898.361630426291,384.355847290475,-
DF,898.104407788631,383.462689403603,-
DF,898.486305802205,383.180368693765,-
DF,899.348527896967,383.711448742949,-
DF,899.409232111715,383.056237756229,-
DF,899.064024240603,383.118419305814,-
DF,897.424601344273,384.098536625384,-
DF,896.896247993269,383.722902505817,-
DF,895.82887451982,382.243067006926,-
DF,897.188306833433,380.41720273794,-
DF,896.237400815676,374.883479339539,-
FE,894.335588780163,363.816032542738,-
TIME,-,-,00:00:00.3331842
FS,914.478460055818,356.885187794137,-
DF,906.9108873591,361.123616584781,-
DF,902.490260217393,362.718418573857,-
DF,898.350665484176,364.102220106113,-
DF,895.819828578858,364.303312044947,-
DF,894.377996870947,365.531430511662,-
DF,892.807210695316,364.712663434127,-
DF,895.228604102323,364.77255091261,-
DF,892.588177762259,367.27299111449,-
DF,892.525986532463,367.959254238794,-
DF,892.356381590007,368.06853376578,-
DF,892.602629502812,367.945052186795,-
DF,891.621523887399,369.701412100154,-
DF,890.666427654179,370.415789976733,-
DF,886.410403703195,371.791554942606,-
DF,882.837824546557,370.668092140535,-
DF,877.517691184582,369.637569522782,-
DF,881.020592625839,366.870735961161,-
DF,884.250223307344,366.072208034733,-
DF,890.065031217831,365.78800737,-
DF,890.443683430831,366.708228514567,-
DF,887.153940933122,365.51315425862,-
DF,881.191403464998,364.814704925259,-
DF,876.879241588108,364.259194288266,-
DF,876.770657237404,361.960624106687,-
DF,877.43622191864,360.544596350513,-
DF,882.026988836105,360.884646539468,-
DF,884.871432621081,361.682250362702,-
DF,887.096937731461,361.497151695931,-
DF,887.852343886515,360.392504469651,-
DF,889.01047171735,359.042853604393,-
DF,891.686679223243,358.877939669196,-
DF,889.196199947736,359.980607334947,-
DF,888.41183296804,360.408144994277,-
DF,893.754548230182,359.569615761577,-
DF,898.665979814813,356.7441420489,-
DF,901.426588148135,355.685390264391,-
FE,906.947804814779,353.567886695373,-
TIME,-,-,00:00:00.4116086
FS,875.830633886121,367.523213307561,-
DF,876.087037571661,367.877029194197,-
DF,876.616998639563,368.469432507934,-
DF,877.565154185871,367.666100905434,-
FE,879.461465278488,366.059437700432,-
TIME,-,-,00:00:00.0471055
FS,909.815737684464,353.193212000392,-
DF,910.851121955208,354.120403428309,-
DF,911.351681215573,357.732880644816,-
FE,912.352799736303,364.957835077829,-
TIME,-,-,00:00:00.0336999
FS,891.431272828945,385.596282378345,-
DF,893.630883648175,389.954628486293,-
DF,896.024079778843,393.174623850946,-
DF,896.536567477161,395.233210470442,-
DF,896.007259984754,398.507368213006,-
DF,896.251573714053,401.63216420633,-
DF,898.229948036024,404.17056107535,-
FE,902.186696679967,409.247354813391,-
TIME,-,-,00:00:00.0775885
FS,907.868756002651,381.325220201649,-
DF,907.035381346452,382.404332961615,-
DF,908.782359140563,384.850550486573,-
FE,912.276314728783,389.742985536488,-
TIME,-,-,00:00:00.0339014
FS,911.438271028207,408.920091073679,-
FE,910.855051700309,407.770744906304,-
TIME,-,-,00:00:00.0143257
FS,886.532682112785,365.222580006388,-
FE,884.299555924351,371.33419376401,-
TIME,-,-,00:00:00.0121754
FS,894.297728783582,408.381419989443,-
FE,897.271989158179,409.49090309197,-
TIME,-,-,00:00:00.0116974
FS,919.592492889386,432.431203683355,-
FE,917.37319379153,430.808144571954,-
TIME,-,-,00:00:00.0129932
FS,906.612066298944,441.803879071717,-
DF,908.03024758793,443.394160106012,-
DF,908.904002663804,443.974257409528,-
FE,910.651512815554,445.134452016559,-
TIME,-,-,00:00:00.0329114
FS,908.968537621193,435.566371276639,-
DF,908.524781564741,440.701912068749,-
DF,908.360108413665,444.770705307959,-
DF,906.890059748299,446.051916919951,-
DF,908.885062905706,447.782780532887,-
DF,912.165230015759,450.440347717903,-
DF,911.557864861162,451.696485726715,-
DF,908.728363636089,449.365412282295,-
DF,903.758569639187,448.785741509704,-
DF,907.294355803225,453.39680618226,-
DF,909.668709452099,457.196963918887,-
FE,914.417416749848,464.797279392141,-
TIME,-,-,00:00:00.1199416
FS,908.850335355214,460.253242148134,-
DF,906.089675454354,462.076613325598,-
FE,900.568355652633,465.723355680525,-
TIME,-,-,00:00:00.0210177
FS,878.169236151345,464.316651610351,-
DF,877.30772609051,461.512876363482,-
DF,875.410377416031,463.592802610576,-
DF,873.754346839307,465.609491713204,-
DF,872.483643013558,465.028045938056,-
DF,869.291654213253,462.888616345522,-
DF,868.02358931968,460.207105354999,-
DF,868.234442248396,458.328257197726,-
DF,868.970496621212,457.917960883306,-
DF,872.418216673922,460.062139140815,-
DF,874.563091772069,462.655264229615,-
DF,876.992123468728,464.930749738671,-
DF,878.479858167872,465.677223108916,-
DF,880.541465298805,465.766676152581,-
DF,881.641848392969,464.922152963671,-
DF,882.560388555931,465.539852015969,-
DF,882.771653813486,468.110705561576,-
DF,882.726926059096,470.643223472968,-
DF,883.044119488718,472.310174197768,-
DF,882.233117666674,471.426450234024,-
DF,882.351484566667,469.721134225261,-
DF,883.588751000236,468.407861399082,-
DF,885.326181491395,469.245684840824,-
DF,887.656049565134,471.721377234357,-
DF,888.762586948086,473.568623772068,-
DF,889.8525616535,474.624192115089,-
DF,888.843109279155,474.73643881631,-
DF,888.82151234735,474.97279424623,-
DF,887.155182442043,474.758538783535,-
DF,886.015803382769,475.640606948096,-
DF,885.250981679131,475.345533944531,-
DF,884.554259440035,475.247937590848,-
DF,884.792415438925,475.371477992078,-
DF,884.860782098473,476.288056957943,-
DF,886.527959424873,475.413652946862,-
DF,886.951148472449,472.09824998553,-
DF,886.218504051399,468.208291322459,-
DF,885.179070516667,466.868589617066,-
DF,884.132259945225,467.078101702572,-
DF,882.942436268076,468.833308299831,-
DF,882.951816890734,470.548616790175,-
DF,882.16620130478,471.951112982656,-
DF,880.913169351124,472.213990192074,-
FE,878.407105443813,472.73974461091,-
TIME,-,-,00:00:00.4752359
FS,900.832557778187,477.460592468307,-
DF,893.383569336623,474.482868921258,-
DF,889.06665020893,470.38562325491,-
DF,885.987964001664,467.316546252152,-
DF,884.375668173537,464.450045200198,-
DF,883.885971450016,462.546134742855,-
DF,883.351716103822,462.33606913886,-
DF,882.983193754989,463.637465729114,-
DF,881.723228361832,464.056034044188,-
DF,880.447678987808,462.27624171787,-
DF,881.102345948886,459.14932193613,-
DF,882.037254940518,457.207299016289,-
DF,881.661156892259,457.57129128435,-
DF,887.490238589569,460.025491296287,-
DF,892.727982400681,461.742306064742,-
DF,895.27504773889,461.470453594552,-
DF,889.914812219239,458.662380649543,-
DF,885.496934280694,455.865197714204,-
DF,882.482078891336,451.780862648664,-
DF,881.11684752356,446.93684352023,-
DF,880.39767069845,442.621423905347,-
DF,879.692210353763,441.011031191195,-
DF,880.175277401016,439.45566963574,-
DF,880.831314135642,437.23138083149,-
DF,880.346843424152,434.825586858642,-
DF,879.995707935128,434.562408045277,-
DF,880.397736591905,435.829352353873,-
DF,879.41763766111,436.173753652718,-
DF,879.800400812554,435.062820000783,-
DF,879.312941336065,432.523809970988,-
DF,874.369791139052,429.306876022989,-
DF,871.424863009683,427.213236146109,-
DF,868.001878695273,426.097899591975,-
DF,865.719889152334,425.354341889219,-
DF,858.963271629417,425.95654798058,-
DF,857.08833905239,426.279654571852,-
DF,859.540005639389,424.995970498221,-
DF,864.948216563227,424.447573151845,-
DF,869.11804821827,426.302815348695,-
DF,873.736174464761,430.160157151889,-
DF,880.515895140098,435.126836043235,-
DF,891.56641314556,439.428613383773,-
FE,913.667449156484,448.032168064847,-
TIME,-,-,00:00:00.4678216
FS,937.255572351053,404.820952397275,-
DF,936.905737161811,405.060878870425,-
DF,939.9022835437,406.227965070597,-
DF,940.765739234971,403.402920624394,-
DF,945.214072060621,401.854053083101,-
DF,948.179627277721,400.821474722239,-
DF,950.920555898363,400.355781833674,-
DF,954.337102414745,399.519097755224,-
FE,961.170195447509,397.845729598323,-
TIME,-,-,00:00:00.0876167
FS,956.598484753906,398.936253197794,-
DF,954.750625230319,396.142802774831,-
DF,952.069310606118,404.636310539203,-
DF,949.659170158163,411.281052778296,-
DF,945.553293108032,435.901737306938,-
FE,NaN,NaN,-
TIME,-,-,00:00:00.0671815
FS,901.368119109333,416.922502876164,-
DF,901.721374515107,416.902751316896,-
DF,900.98870649768,414.53831896812,-
DF,900.748544497264,410.422905564073,-
DF,901.386306731856,405.584494683403,-
DF,901.048522259549,401.484138045412,-
DF,900.890769315,399.120174944518,-
DF,900.594728493552,398.304958767133,-
DF,901.648193723569,400.305990625362,-
DF,902.484091456268,401.317185408012,-
DF,903.940526202201,400.429983524298,-
DF,906.829962435037,398.019141318936,-
DF,907.837947207201,399.889267945205,-
DF,907.485223635924,401.640846644922,-
DF,905.894312639629,404.488052489065,-
DF,905.155561677852,404.184007766104,-
DF,904.26292012252,402.784738096215,-
DF,902.302378135695,402.171322890223,-
DF,901.589846663104,404.796029442451,-
DF,900.952245256744,407.820304395303,-
DF,900.47026378125,409.655709521776,-
DF,902.044463222437,411.570209999364,-
DF,904.570209198448,412.803378252247,-
DF,909.31973076126,415.476633031465,-
DF,912.538150395146,416.753516431935,-
DF,915.456328416351,417.136378274445,-
DF,917.376663384145,417.20144289785,-
DF,917.887509582876,417.579296537923,-
DF,918.507204165886,418.42424313561,-
DF,919.002466148801,419.287373490248,-
DF,919.156693496286,419.706721552278,-
DF,918.450899323994,420.127712487481,-
DF,916.729929047334,418.766728967996,-
DF,915.944591640189,418.458996006083,-
DF,916.070146273564,418.546533918131,-
DF,916.630394253897,418.656889468783,-
DF,917.34186630417,418.182798821964,-
DF,916.972942265779,418.515447830344,-
DF,916.642108059467,418.65494162892,-
DF,915.690647971263,416.792431963486,-
DF,914.92214005655,413.943469205661,-
DF,913.80407924155,413.236336621623,-
DF,913.752624667659,416.205603348825,-
DF,914.025259097546,419.441096542814,-
DF,914.495762349272,421.936320105086,-
DF,914.607422549714,423.418211612031,-
DF,915.263996205897,424.766694797878,-
DF,916.967541448537,427.2259513673,-
DF,917.882380230878,425.206685522033,-
DF,917.892629591966,421.790931878982,-
DF,917.874789343383,420.332632642027,-
DF,917.524669810832,422.083582997184,-
DF,918.224218657988,423.263188897863,-
DF,917.88021079872,422.335919153231,-
DF,918.063767967298,422.505229903959,-
DF,917.55843958415,423.729441036227,-
DF,917.68479283183,426.118000455732,-
DF,917.294661487571,427.180360921904,-
DF,917.490281609987,427.323645528423,-
DF,917.215770218051,426.226394242959,-
DF,917.003865682445,425.779822654474,-
DF,916.307867121873,424.292263596585,-
DF,916.739148886317,423.926455859616,-
DF,917.816192183777,424.172175093088,-
DF,917.435895310691,426.285533918519,-
DF,915.78401128204,425.158129007955,-
DF,912.855951597689,423.171656614479,-
DF,911.593383771203,421.597095857349,-
DF,911.617813769977,423.091448252001,-
DF,913.441568729537,425.1454193943,-
DF,914.332730701478,427.681898724798,-
DF,914.956112136914,429.524664858441,-
DF,915.235153800073,432.457429007906,-
DF,915.237882271082,433.308475808603,-
DF,914.463640586042,432.099772271711,-
DF,914.039450349886,430.936086134808,-
DF,913.133121763074,430.450034019724,-
DF,914.2557971828,430.531158633446,-
DF,915.462693082302,430.473448666121,-
DF,917.004476030642,430.846255067602,-
DF,916.367624793429,431.503853420813,-
DF,915.353305381939,432.862892859916,-
DF,914.990892627225,433.117174415198,-
DF,915.715852234423,432.004815372824,-
DF,916.934172266538,431.880331290965,-
DF,917.879254140421,432.683285034925,-
DF,916.921939455047,433.769001614673,-
DF,914.366741107842,433.872081829868,-
DF,911.136053808287,432.91503195125,-
DF,908.967727002492,432.159100467131,-
DF,907.28121137263,431.015290103777,-
DF,906.040078387761,429.672540604086,-
DF,905.01283447054,428.62537949917,-
DF,904.690228611782,428.120763796975,-
DF,904.28384850618,428.818918485697,-
DF,905.686763861996,431.997764666981,-
DF,906.068209444469,433.540133444064,-
DF,907.081424716376,433.511820540284,-
DF,906.767004068137,430.790822165932,-
DF,905.869510528467,429.126166312703,-
DF,904.907993711661,428.266755069435,-
DF,903.988557235106,429.875285658976,-
DF,898.4948022227,430.879652058336,-
DF,895.90096710383,432.252312221013,-
DF,894.878377195177,433.474669003962,-
DF,899.295136937104,432.094510348305,-
DF,904.555431574696,430.393078652764,-
DF,906.203648999122,429.261475341204,-
FE,909.500083847975,426.998268718085,-
TIME,-,-,00:00:01.2000633
FS,854.575827564501,344.623288672936,-
DF,858.195580086753,347.26644515722,-
DF,861.017272316883,350.403734072526,-
DF,863.104871762086,355.724682597377,-
DF,862.496815463633,362.820187252621,-
DF,863.168190537606,367.629418290223,-
DF,862.489214579257,369.645724606448,-
DF,863.550565978402,370.05018065022,-
DF,863.011786219973,370.019398489624,-
DF,863.034483514282,371.973563016209,-
DF,864.810929395412,373.174543790229,-
DF,866.2347955792,373.522291105371,-
DF,867.984313093995,373.846505831579,-
DF,868.305505053391,374.476002609251,-
DF,868.659344272533,376.479914997875,-
DF,868.391743086892,376.608696606291,-
DF,866.249833274259,374.58477772982,-
DF,864.934051696539,371.930298652381,-
DF,863.457249011672,371.193299232107,-
DF,862.742616991537,367.659759669701,-
DF,862.616193042522,366.162822609165,-
DF,863.653173702535,364.666546972564,-
DF,865.205679194379,365.332750159649,-
DF,866.780957927269,366.88973236172,-
DF,867.831896775515,368.6933868105,-
FE,869.933774472006,372.30069570806,-
TIME,-,-,00:00:00.2790131
FS,884.898179879685,402.100760146714,-
DF,884.057585835256,398.803342748811,-
DF,883.746464605225,397.984303420791,-
DF,883.672728607504,397.422472556359,-
FE,883.525256612062,396.298810827496,-
TIME,-,-,00:00:00.0448837
FS,895.497483525969,406.585414661717,-
DF,895.140626011103,405.38389351946,-
DF,895.720528895456,404.241734371735,-
DF,896.655238074137,403.698957553132,-
DF,895.598057904407,403.115156560873,-
DF,895.222652650847,402.026717682021,-
DF,894.804292444209,402.095667727792,-
DF,896.289745840754,402.417103956467,-
DF,897.794294040626,401.386228364635,-
DF,896.820308854074,397.436928854228,-
DF,896.170985396372,394.804062513957,-
DF,895.070534603604,392.332908700946,-
DF,894.071535332622,393.521092466024,-
DF,893.405535818634,394.313214976076,-
DF,892.457704703202,396.352311437964,-
DF,891.731120681315,397.373050047796,-
DF,891.246731333391,398.053542454351,-
DF,888.79471020935,402.814715297279,-
DF,886.378034716004,402.755581797199,-
DF,885.294947234394,395.12229247836,-
DF,884.738231470458,389.812048811223,-
DF,883.464732993226,384.725302602602,-
DF,882.894463858693,379.186273787889,-
DF,882.961981670259,375.689470960742,-
DF,883.507823534835,373.46157228242,-
DF,885.572976837881,373.036539038781,-
DF,887.418856239103,373.619759297825,-
DF,889.188358934062,374.098210205934,-
DF,887.337107120299,375.137180235433,-
DF,885.209260396565,377.448374054166,-
DF,885.166361334142,379.258623500986,-
DF,887.158316277057,383.094173512565,-
DF,888.879310921236,386.239703237884,-
DF,890.526778032087,389.73459740958,-
DF,892.14004932903,394.034459284493,-
DF,898.83318071324,401.722198804903,-
DF,903.877519263631,407.74845563758,-
FE,913.966196364412,419.800969302934,-
TIME,-,-,00:00:00.4115757
FS,672.831213456917,801.428897634204,-
FE,NaN,NaN,-
TIME,-,-,00:00:00.0238923
FS,872.037204309068,370.030239402519,-
DF,869.269724843208,366.043275370343,-
DF,865.806605741941,362.468549273307,-
DF,863.473123470261,359.293017252826,-
DF,861.407730188844,354.052556758299,-
DF,859.488714737326,350.505843377447,-
DF,859.035202989953,348.219835103746,-
DF,858.889160962327,347.245749027214,-
DF,858.899645766666,347.175116986928,-
DF,858.11060512102,347.39571756881,-
DF,856.650914188905,345.791106935492,-
DF,854.97216927203,344.770506607512,-
DF,853.593069833695,341.304095410608,-
DF,852.122231166101,338.997854747763,-
DF,851.080865179129,336.181613907661,-
DF,850.522375493841,335.832801547166,-
DF,850.669157675467,335.959795213998,-
DF,851.23331335509,336.091937173691,-
DF,852.251968816106,333.470281324297,-
DF,851.95435114518,331.210039376258,-
DF,853.299369813225,328.800068875464,-
FE,855.989407149316,323.980127873876,-
TIME,-,-,00:00:00.2332020
FS,847.987262860428,337.354827623472,-
FE,850.312203203583,336.388252836898,-
TIME,-,-,00:00:00.0119683
FS,861.550133552381,310.623332735922,-
DF,864.286200217512,309.081006439868,-
DF,866.535006560896,310.561810577922,-
DF,868.325841543833,315.273675131721,-
DF,869.519731532457,318.414918167587,-
FE,871.907511509707,324.697404239318,-
TIME,-,-,00:00:00.0775351
FS,884.329077131255,318.055966120848,-
DF,880.277280050615,323.809532228331,-
DF,878.342078483576,327.696225721772,-
DF,877.296159065558,334.262418321348,-
DF,878.066955766173,339.507532519053,-
DF,877.352676931445,345.091828620034,-
DF,876.995444335917,349.357225689905,-
DF,877.138640270521,354.410288936105,-
DF,877.480295881018,357.388292621703,-
DF,879.348247298602,361.366674256501,-
DF,880.926309508325,363.877564426673,-
DF,880.203210427309,366.134049316928,-
DF,879.307950484956,369.238448163093,-
DF,878.878421782586,371.793843866428,-
DF,879.064442368912,373.324679861697,-
DF,879.461956495314,376.980557115259,-
DF,880.121699112412,379.208994778972,-
DF,879.447913486675,382.639414179782,-
DF,879.990512011519,384.220352451111,-
DF,880.339543258304,386.218486453593,-
DF,882.475426632645,387.984440258329,-
DF,884.232102154848,391.054424818044,-
DF,885.953578844364,393.002594648261,-
DF,886.851893010929,394.917719641342,-
DF,887.308697120492,396.533360510147,-
DF,887.735799770951,398.413294456692,-
DF,886.896513442074,399.168744420438,-
DF,885.266021517008,401.908659866651,-
DF,885.059558423704,403.234833741028,-
DF,886.53205845959,406.622982913159,-
DF,888.233466906471,409.400241232956,-
DF,888.223855818047,411.212915523729,-
DF,886.805289201324,411.708600627695,-
DF,885.542237914327,411.000165954191,-
DF,885.952153490106,410.239816920028,-
DF,887.531808215336,412.903921794499,-
DF,888.451202573762,415.145519502656,-
DF,888.850355255765,417.445430959203,-
DF,886.641434470466,416.321487642202,-
DF,886.579732638201,416.354609899841,-
DF,886.83697321814,416.851089591532,-
DF,888.697909012374,418.974461648755,-
DF,889.464241734719,421.580744076436,-
DF,890.762837037857,423.054852965023,-
DF,889.741711501781,423.400874646307,-
DF,889.424209318941,423.719689785714,-
DF,887.922738981379,423.885072947416,-
DF,888.906463515811,425.348666871633,-
DF,889.048569402237,427.022540666169,-
DF,889.649272413868,428.716954833798,-
DF,888.810547924458,427.98190395414,-
DF,888.442268680597,426.814218768451,-
DF,888.66330582135,425.352248299235,-
DF,890.219080652103,424.298567120493,-
DF,892.052186051477,423.916710176517,-
DF,892.716081330946,424.03534236737,-
DF,892.216153857623,425.902565098055,-
DF,891.961612961884,428.136519154786,-
DF,891.396374641397,429.336917751848,-
DF,890.679964416727,428.457359323282,-
DF,890.207905841365,428.091207666207,-
DF,889.51830224204,427.759328214769,-
DF,888.150384800605,427.079940555358,-
DF,886.906828538523,425.916973748756,-
DF,885.674680413175,425.490954512004,-
DF,885.121341683146,425.582456390903,-
DF,884.704584961073,426.920418495542,-
DF,885.125211913129,427.454487610041,-
DF,884.568526575487,429.523099706676,-
DF,883.354387389173,430.810681023605,-
DF,882.63016512733,432.11169842708,-
DF,881.473298490504,432.996585675977,-
DF,880.485480855063,433.262434378335,-
DF,879.869665568345,433.988775409528,-
DF,880.081432584139,434.195775525617,-
DF,881.203953072502,434.226918169271,-
DF,882.48304509106,433.856340543505,-
DF,883.863218311586,431.590573146078,-
DF,884.932583963521,430.627670371798,-
DF,884.728374054068,428.874388183879,-
DF,884.254345521978,427.287729707113,-
DF,882.872523418672,425.75600165726,-
DF,881.472642353184,425.515937007022,-
END_,-,-,-